<?xml version="1.0"?>
<METS:mets xmlns:xsi="http://www.w3.org/2001/XMLSchema-instance" xmlns:METS="http://www.loc.gov/METS/" xmlns:PREMIS="info:lc/xmlns/premis-v2" xmlns:gbs="http://books.google.com/gbs" xmlns:xlink="http://www.w3.org/1999/xlink" xmlns:HT="http://www.hathitrust.org/ht_extension" xmlns:HTPREMIS="http://www.hathitrust.org/premis_extension" OBJID="ien.35556044272359" PROFILE="http://www.hathitrust.org/documents/hathitrust-mets-profile2.1.xml" xsi:schemaLocation="http://www.loc.gov/METS/ http://www.loc.gov/standards/mets/mets.xsd info:lc/xmlns/premis-v2 http://www.loc.gov/standards/premis/v2/premis-v2-0.xsd">
  <METS:metsHdr ID="HDR1" CREATEDATE="2017-10-24T12:59:06Z" RECORDSTATUS="NEW">
    <METS:agent TYPE="ORGANIZATION" ROLE="CREATOR">
      <METS:name>HathiTrust</METS:name>
    </METS:agent>
  </METS:metsHdr>
  <METS:dmdSec ID="DMD1">
    <METS:mdWrap LABEL="MARC record" MIMETYPE="text/xml" MDTYPE="MARC">
      <METS:xmlData>
        <record xmlns="http://www.loc.gov/MARC21/slim">
  <leader>00849cam a2200241Ia 4500</leader><controlfield tag="001">ien.35556044272359</controlfield><controlfield tag="003">MiAaHDL</controlfield><controlfield tag="005">20171016000000.0</controlfield><controlfield tag="006">m        d        </controlfield><controlfield tag="007">cr bn ---auaua</controlfield><controlfield tag="008">980513s1935    dcua     s   f000 0 eng d</controlfield>
  
  
  
  
  
  
  <datafield tag="035" ind1=" " ind2=" ">
    <subfield code="a">sdr-nwu-loc9960175834202441</subfield>
  </datafield>
  <datafield tag="035" ind1=" " ind2=" ">
    <subfield code="z">(IEN)Voyager6017583</subfield>
  </datafield>
  <datafield tag="035" ind1=" " ind2=" ">
    <subfield code="a">(OCoLC)39111188</subfield>
  </datafield>
  <datafield tag="040" ind1=" " ind2=" ">
    <subfield code="a">NIE</subfield>
    <subfield code="c">NIE</subfield>
    <subfield code="d">OCL</subfield>
    <subfield code="d">OCLCQ</subfield>
    <subfield code="d">WAU</subfield>
  </datafield>
  <datafield tag="043" ind1=" " ind2=" ">
    <subfield code="a">n-us---</subfield>
  </datafield>
  <datafield tag="049" ind1=" " ind2=" ">
    <subfield code="a">INUA</subfield>
  </datafield>
  <datafield tag="086" ind1="0" ind2=" ">
    <subfield code="a">Y 3.W 89/2:2 W 89</subfield>
  </datafield>
  <datafield tag="090" ind1=" " ind2=" ">
    <subfield code="a">LC5051</subfield>
    <subfield code="b">.A47</subfield>
  </datafield>
  <datafield tag="245" ind1="0" ind2="0">
    <subfield code="a">Workers' education under the FERA, 1934-1935.</subfield>
  </datafield>
  <datafield tag="260" ind1=" " ind2=" ">
    <subfield code="a">[Washington, D.C.?] :</subfield>
    <subfield code="b">Works Progress Administration, Division of Emergency Education,</subfield>
    <subfield code="c">[1935?]</subfield>
  </datafield>
  <datafield tag="300" ind1=" " ind2=" ">
    <subfield code="a">1 v. :</subfield>
    <subfield code="b">ill., map ;</subfield>
    <subfield code="c">20 cm.</subfield>
  </datafield>
  <datafield tag="538" ind1=" " ind2=" ">
    <subfield code="a">Mode of access: Internet.</subfield>
  </datafield>
  <datafield tag="610" ind1="1" ind2="0">
    <subfield code="a">United States.</subfield>
    <subfield code="b">Federal Emergency Relief Administration.</subfield>
  </datafield>
  <datafield tag="650" ind1=" " ind2="0">
    <subfield code="a">Working class</subfield>
    <subfield code="x">Education</subfield>
    <subfield code="z">United States</subfield>
    <subfield code="v">Statistics.</subfield>
  </datafield>
  <datafield tag="710" ind1="1" ind2=" ">
    <subfield code="a">United States.</subfield>
    <subfield code="b">Work Projects Administration.</subfield>
  </datafield>
  
  
  
  
  
  
  <datafield tag="974" ind1=" " ind2=" ">
    <subfield code="d">20171017</subfield>
    <subfield code="s">northwestern</subfield>
    <subfield code="u">ien.35556044272359</subfield>
  </datafield>
</record>
      </METS:xmlData>
    </METS:mdWrap>
  </METS:dmdSec>
  <METS:dmdSec ID="DMD2">
    <METS:mdWrap OTHERMDTYPE="Google" LABEL="reading order" MIMETYPE="text/xml" MDTYPE="OTHER">
      <METS:xmlData><gbs:scanningOrder>left-to-right</gbs:scanningOrder>
<gbs:readingOrder>left-to-right</gbs:readingOrder>
<gbs:coverTag>follows-reading-order</gbs:coverTag>
</METS:xmlData>
    </METS:mdWrap>
  </METS:dmdSec>
  <METS:amdSec ID="AMD1">
    <METS:digiprovMD ID="premis1">
      <METS:mdWrap MIMETYPE="text/xml" MDTYPE="PREMIS">
        <METS:xmlData>
          <PREMIS:premis version="2.0">
            <PREMIS:object xsi:type="PREMIS:representation">
              <PREMIS:objectIdentifier>
                <PREMIS:objectIdentifierType>identifier</PREMIS:objectIdentifierType>
                <PREMIS:objectIdentifierValue>ien.35556044272359</PREMIS:objectIdentifierValue>
              </PREMIS:objectIdentifier>
            </PREMIS:object>
            <PREMIS:event>
              <PREMIS:eventIdentifier>
                <PREMIS:eventIdentifierType>UUID</PREMIS:eventIdentifierType>
                <PREMIS:eventIdentifierValue>3d34a5a9-e33e-338a-98c4-791707e690f0</PREMIS:eventIdentifierValue>
              </PREMIS:eventIdentifier>
              <PREMIS:eventType>image compression</PREMIS:eventType>
              <PREMIS:eventDateTime>2016-09-16T15:01:07-06:00</PREMIS:eventDateTime>
              <PREMIS:eventDetail>Conversion of raw scans to compressed TIFF and JPEG2000</PREMIS:eventDetail>
              <PREMIS:linkingAgentIdentifier>
                <PREMIS:linkingAgentIdentifierType>HathiTrust Institution ID</PREMIS:linkingAgentIdentifierType>
                <PREMIS:linkingAgentIdentifierValue>northwestern</PREMIS:linkingAgentIdentifierValue>
                <PREMIS:linkingAgentRole>Executor</PREMIS:linkingAgentRole>
              </PREMIS:linkingAgentIdentifier>
              <PREMIS:linkingAgentIdentifier>
                <PREMIS:linkingAgentIdentifierType>tool</PREMIS:linkingAgentIdentifierType>
                <PREMIS:linkingAgentIdentifierValue>LIMB v3.1.0.0</PREMIS:linkingAgentIdentifierValue>
                <PREMIS:linkingAgentRole>software</PREMIS:linkingAgentRole>
              </PREMIS:linkingAgentIdentifier>
            </PREMIS:event>
            <PREMIS:event>
              <PREMIS:eventIdentifier>
                <PREMIS:eventIdentifierType>UUID</PREMIS:eventIdentifierType>
                <PREMIS:eventIdentifierValue>c501d193-eb33-3652-bd35-f6f708e5f69d</PREMIS:eventIdentifierValue>
              </PREMIS:eventIdentifier>
              <PREMIS:eventType>capture</PREMIS:eventType>
              <PREMIS:eventDateTime>2016-09-16T15:01:07-06:00</PREMIS:eventDateTime>
              <PREMIS:eventDetail>Initial capture of item</PREMIS:eventDetail>
              <PREMIS:linkingAgentIdentifier>
                <PREMIS:linkingAgentIdentifierType>HathiTrust Institution ID</PREMIS:linkingAgentIdentifierType>
                <PREMIS:linkingAgentIdentifierValue>northwestern</PREMIS:linkingAgentIdentifierValue>
                <PREMIS:linkingAgentRole>Executor</PREMIS:linkingAgentRole>
              </PREMIS:linkingAgentIdentifier>
            </PREMIS:event>
            <PREMIS:event>
              <PREMIS:eventIdentifier>
                <PREMIS:eventIdentifierType>UUID</PREMIS:eventIdentifierType>
                <PREMIS:eventIdentifierValue>4484b5e7-072c-3fbd-bbda-cadfee034d92</PREMIS:eventIdentifierValue>
              </PREMIS:eventIdentifier>
              <PREMIS:eventType>image compression</PREMIS:eventType>
              <PREMIS:eventDateTime>2017-10-24T12:57:54Z</PREMIS:eventDateTime>
              <PREMIS:eventDetail>Conversion of raw scans to compressed TIFF and JPEG2000</PREMIS:eventDetail>
              <PREMIS:linkingAgentIdentifier>
                <PREMIS:linkingAgentIdentifierType>HathiTrust Institution ID</PREMIS:linkingAgentIdentifierType>
                <PREMIS:linkingAgentIdentifierValue>umich</PREMIS:linkingAgentIdentifierValue>
                <PREMIS:linkingAgentRole>Executor</PREMIS:linkingAgentRole>
              </PREMIS:linkingAgentIdentifier>
              <PREMIS:linkingAgentIdentifier>
                <PREMIS:linkingAgentIdentifierType>tool</PREMIS:linkingAgentIdentifierType>
                <PREMIS:linkingAgentIdentifierValue>feedd.pl v1.3.77</PREMIS:linkingAgentIdentifierValue>
                <PREMIS:linkingAgentRole>software</PREMIS:linkingAgentRole>
              </PREMIS:linkingAgentIdentifier>
              <PREMIS:linkingAgentIdentifier>
                <PREMIS:linkingAgentIdentifierType>tool</PREMIS:linkingAgentIdentifierType>
                <PREMIS:linkingAgentIdentifierValue>kdu_compress 6.4.0</PREMIS:linkingAgentIdentifierValue>
                <PREMIS:linkingAgentRole>software</PREMIS:linkingAgentRole>
              </PREMIS:linkingAgentIdentifier>
              <PREMIS:linkingAgentIdentifier>
                <PREMIS:linkingAgentIdentifierType>tool</PREMIS:linkingAgentIdentifierType>
                <PREMIS:linkingAgentIdentifierValue>Image::ExifTool 8.77</PREMIS:linkingAgentIdentifierValue>
                <PREMIS:linkingAgentRole>software</PREMIS:linkingAgentRole>
              </PREMIS:linkingAgentIdentifier>
            </PREMIS:event>
            <PREMIS:event>
              <PREMIS:eventIdentifier>
                <PREMIS:eventIdentifierType>UUID</PREMIS:eventIdentifierType>
                <PREMIS:eventIdentifierValue>22cd02d7-0d7f-38f9-bf02-449dcb8f3c04</PREMIS:eventIdentifierValue>
              </PREMIS:eventIdentifier>
              <PREMIS:eventType>image header modification</PREMIS:eventType>
              <PREMIS:eventDateTime>2017-10-24T12:59:02Z</PREMIS:eventDateTime>
              <PREMIS:eventDetail>Modification of image headers to meet HathiTrust conventions</PREMIS:eventDetail>
              <PREMIS:linkingAgentIdentifier>
                <PREMIS:linkingAgentIdentifierType>HathiTrust Institution ID</PREMIS:linkingAgentIdentifierType>
                <PREMIS:linkingAgentIdentifierValue>umich</PREMIS:linkingAgentIdentifierValue>
                <PREMIS:linkingAgentRole>Executor</PREMIS:linkingAgentRole>
              </PREMIS:linkingAgentIdentifier>
              <PREMIS:linkingAgentIdentifier>
                <PREMIS:linkingAgentIdentifierType>tool</PREMIS:linkingAgentIdentifierType>
                <PREMIS:linkingAgentIdentifierValue>feedd.pl v1.3.77</PREMIS:linkingAgentIdentifierValue>
                <PREMIS:linkingAgentRole>software</PREMIS:linkingAgentRole>
              </PREMIS:linkingAgentIdentifier>
              <PREMIS:linkingAgentIdentifier>
                <PREMIS:linkingAgentIdentifierType>tool</PREMIS:linkingAgentIdentifierType>
                <PREMIS:linkingAgentIdentifierValue>Image::ExifTool 8.77</PREMIS:linkingAgentIdentifierValue>
                <PREMIS:linkingAgentRole>software</PREMIS:linkingAgentRole>
              </PREMIS:linkingAgentIdentifier>
            </PREMIS:event>
            <PREMIS:event>
              <PREMIS:eventIdentifier>
                <PREMIS:eventIdentifierType>UUID</PREMIS:eventIdentifierType>
                <PREMIS:eventIdentifierValue>2ec82dea-9088-38d0-a5bc-efc660a2addc</PREMIS:eventIdentifierValue>
              </PREMIS:eventIdentifier>
              <PREMIS:eventType>message digest calculation</PREMIS:eventType>
              <PREMIS:eventDateTime>2017-10-24T12:59:06Z</PREMIS:eventDateTime>
              <PREMIS:eventDetail>Calculation of MD5 checksums for image and OCR files</PREMIS:eventDetail>
              <PREMIS:linkingAgentIdentifier>
                <PREMIS:linkingAgentIdentifierType>HathiTrust Institution ID</PREMIS:linkingAgentIdentifierType>
                <PREMIS:linkingAgentIdentifierValue>umich</PREMIS:linkingAgentIdentifierValue>
                <PREMIS:linkingAgentRole>Executor</PREMIS:linkingAgentRole>
              </PREMIS:linkingAgentIdentifier>
              <PREMIS:linkingAgentIdentifier>
                <PREMIS:linkingAgentIdentifierType>tool</PREMIS:linkingAgentIdentifierType>
                <PREMIS:linkingAgentIdentifierValue>Digest::MD5 2.39</PREMIS:linkingAgentIdentifierValue>
                <PREMIS:linkingAgentRole>software</PREMIS:linkingAgentRole>
              </PREMIS:linkingAgentIdentifier>
            </PREMIS:event>
            <PREMIS:event>
              <PREMIS:eventIdentifier>
                <PREMIS:eventIdentifierType>UUID</PREMIS:eventIdentifierType>
                <PREMIS:eventIdentifierValue>bdff8c8a-5823-3704-889d-55d28134981e</PREMIS:eventIdentifierValue>
              </PREMIS:eventIdentifier>
              <PREMIS:eventType>validation</PREMIS:eventType>
              <PREMIS:eventDateTime>2017-10-24T12:59:06Z</PREMIS:eventDateTime>
              <PREMIS:eventDetail>Validation of source METS file</PREMIS:eventDetail>
              <PREMIS:linkingAgentIdentifier>
                <PREMIS:linkingAgentIdentifierType>HathiTrust Institution ID</PREMIS:linkingAgentIdentifierType>
                <PREMIS:linkingAgentIdentifierValue>umich</PREMIS:linkingAgentIdentifierValue>
                <PREMIS:linkingAgentRole>Executor</PREMIS:linkingAgentRole>
              </PREMIS:linkingAgentIdentifier>
              <PREMIS:linkingAgentIdentifier>
                <PREMIS:linkingAgentIdentifierType>tool</PREMIS:linkingAgentIdentifierType>
                <PREMIS:linkingAgentIdentifierValue>Xerces-C 3.1</PREMIS:linkingAgentIdentifierValue>
                <PREMIS:linkingAgentRole>software</PREMIS:linkingAgentRole>
              </PREMIS:linkingAgentIdentifier>
            </PREMIS:event>
            <PREMIS:event>
              <PREMIS:eventIdentifier>
                <PREMIS:eventIdentifierType>UUID</PREMIS:eventIdentifierType>
                <PREMIS:eventIdentifierValue>aab8cb31-ded3-30f6-a56d-7edb33784b3a</PREMIS:eventIdentifierValue>
              </PREMIS:eventIdentifier>
              <PREMIS:eventType>source mets creation</PREMIS:eventType>
              <PREMIS:eventDateTime>2017-10-24T12:59:06Z</PREMIS:eventDateTime>
              <PREMIS:eventDetail>Creation of source METS file</PREMIS:eventDetail>
              <PREMIS:linkingAgentIdentifier>
                <PREMIS:linkingAgentIdentifierType>HathiTrust Institution ID</PREMIS:linkingAgentIdentifierType>
                <PREMIS:linkingAgentIdentifierValue>umich</PREMIS:linkingAgentIdentifierValue>
                <PREMIS:linkingAgentRole>Executor</PREMIS:linkingAgentRole>
              </PREMIS:linkingAgentIdentifier>
              <PREMIS:linkingAgentIdentifier>
                <PREMIS:linkingAgentIdentifierType>tool</PREMIS:linkingAgentIdentifierType>
                <PREMIS:linkingAgentIdentifierValue>feedd.pl v1.3.77</PREMIS:linkingAgentIdentifierValue>
                <PREMIS:linkingAgentRole>software</PREMIS:linkingAgentRole>
              </PREMIS:linkingAgentIdentifier>
            </PREMIS:event>
            <PREMIS:event>
              <PREMIS:eventIdentifier>
                <PREMIS:eventIdentifierType>UUID</PREMIS:eventIdentifierType>
                <PREMIS:eventIdentifierValue>90fcf2bb-579f-3281-b2b6-f7b71a34f6e2</PREMIS:eventIdentifierValue>
              </PREMIS:eventIdentifier>
              <PREMIS:eventType>fixity check</PREMIS:eventType>
              <PREMIS:eventDateTime>2017-10-24T12:59:06Z</PREMIS:eventDateTime>
              <PREMIS:eventDetail>Validation of MD5 checksums for image and OCR files</PREMIS:eventDetail>
              <PREMIS:linkingAgentIdentifier>
                <PREMIS:linkingAgentIdentifierType>HathiTrust Institution ID</PREMIS:linkingAgentIdentifierType>
                <PREMIS:linkingAgentIdentifierValue>umich</PREMIS:linkingAgentIdentifierValue>
                <PREMIS:linkingAgentRole>Executor</PREMIS:linkingAgentRole>
              </PREMIS:linkingAgentIdentifier>
              <PREMIS:linkingAgentIdentifier>
                <PREMIS:linkingAgentIdentifierType>tool</PREMIS:linkingAgentIdentifierType>
                <PREMIS:linkingAgentIdentifierValue>Digest::MD5 2.39</PREMIS:linkingAgentIdentifierValue>
                <PREMIS:linkingAgentRole>software</PREMIS:linkingAgentRole>
              </PREMIS:linkingAgentIdentifier>
            </PREMIS:event>
          </PREMIS:premis>
        </METS:xmlData>
      </METS:mdWrap>
    </METS:digiprovMD>
  </METS:amdSec>
  <METS:fileSec>
    <METS:fileGrp ID="FG1" USE="ocr">
      <METS:file SIZE="60" ID="TXT00000001" MIMETYPE="text/plain" CREATED="2017-10-24T12:59:02Z" CHECKSUM="6650fdb4eb84d0c72567553856206977" SEQ="00000001" CHECKSUMTYPE="MD5">
        <METS:FLocat LOCTYPE="OTHER" OTHERLOCTYPE="SYSTEM" xlink:href="00000001.txt"/>
      </METS:file>
      <METS:file SIZE="0" ID="TXT00000002" MIMETYPE="text/plain" CREATED="2017-10-24T12:59:02Z" CHECKSUM="d41d8cd98f00b204e9800998ecf8427e" SEQ="00000002" CHECKSUMTYPE="MD5">
        <METS:FLocat LOCTYPE="OTHER" OTHERLOCTYPE="SYSTEM" xlink:href="00000002.txt"/>
      </METS:file>
      <METS:file SIZE="587" ID="TXT00000003" MIMETYPE="text/plain" CREATED="2017-10-24T12:59:02Z" CHECKSUM="0af7507744eef55b4044d4ad9c6decba" SEQ="00000003" CHECKSUMTYPE="MD5">
        <METS:FLocat LOCTYPE="OTHER" OTHERLOCTYPE="SYSTEM" xlink:href="00000003.txt"/>
      </METS:file>
      <METS:file SIZE="1384" ID="TXT00000004" MIMETYPE="text/plain" CREATED="2017-10-24T12:59:02Z" CHECKSUM="023bf68168a2eca48c3e79fe3fba6c06" SEQ="00000004" CHECKSUMTYPE="MD5">
        <METS:FLocat LOCTYPE="OTHER" OTHERLOCTYPE="SYSTEM" xlink:href="00000004.txt"/>
      </METS:file>
      <METS:file SIZE="1519" ID="TXT00000005" MIMETYPE="text/plain" CREATED="2017-10-24T12:59:02Z" CHECKSUM="2658d45f76746211f2ca5e8d7c4a7802" SEQ="00000005" CHECKSUMTYPE="MD5">
        <METS:FLocat LOCTYPE="OTHER" OTHERLOCTYPE="SYSTEM" xlink:href="00000005.txt"/>
      </METS:file>
      <METS:file SIZE="1676" ID="TXT00000006" MIMETYPE="text/plain" CREATED="2017-10-24T12:59:02Z" CHECKSUM="f6050a39dcd2bd2c2228dbe989262186" SEQ="00000006" CHECKSUMTYPE="MD5">
        <METS:FLocat LOCTYPE="OTHER" OTHERLOCTYPE="SYSTEM" xlink:href="00000006.txt"/>
      </METS:file>
      <METS:file SIZE="790" ID="TXT00000007" MIMETYPE="text/plain" CREATED="2017-10-24T12:59:02Z" CHECKSUM="6c21641a4352d4d897bef2474a81644e" SEQ="00000007" CHECKSUMTYPE="MD5">
        <METS:FLocat LOCTYPE="OTHER" OTHERLOCTYPE="SYSTEM" xlink:href="00000007.txt"/>
      </METS:file>
      <METS:file SIZE="134" ID="TXT00000008" MIMETYPE="text/plain" CREATED="2017-10-24T12:59:02Z" CHECKSUM="5aa59df4d7dd4d60c7612635eaa29d30" SEQ="00000008" CHECKSUMTYPE="MD5">
        <METS:FLocat LOCTYPE="OTHER" OTHERLOCTYPE="SYSTEM" xlink:href="00000008.txt"/>
      </METS:file>
      <METS:file SIZE="866" ID="TXT00000009" MIMETYPE="text/plain" CREATED="2017-10-24T12:59:02Z" CHECKSUM="11063a3b675ef5d6d6af05a4ff92610a" SEQ="00000009" CHECKSUMTYPE="MD5">
        <METS:FLocat LOCTYPE="OTHER" OTHERLOCTYPE="SYSTEM" xlink:href="00000009.txt"/>
      </METS:file>
      <METS:file SIZE="95" ID="TXT00000010" MIMETYPE="text/plain" CREATED="2017-10-24T12:59:02Z" CHECKSUM="18512899abd2a537d73a76a5a455ff34" SEQ="00000010" CHECKSUMTYPE="MD5">
        <METS:FLocat LOCTYPE="OTHER" OTHERLOCTYPE="SYSTEM" xlink:href="00000010.txt"/>
      </METS:file>
      <METS:file SIZE="616" ID="TXT00000011" MIMETYPE="text/plain" CREATED="2017-10-24T12:59:02Z" CHECKSUM="4fba9c5b1cd2928fcc089f6fa5ab8f16" SEQ="00000011" CHECKSUMTYPE="MD5">
        <METS:FLocat LOCTYPE="OTHER" OTHERLOCTYPE="SYSTEM" xlink:href="00000011.txt"/>
      </METS:file>
      <METS:file SIZE="247" ID="TXT00000012" MIMETYPE="text/plain" CREATED="2017-10-24T12:59:02Z" CHECKSUM="ec4f72a903c417c1d1568029270f3f04" SEQ="00000012" CHECKSUMTYPE="MD5">
        <METS:FLocat LOCTYPE="OTHER" OTHERLOCTYPE="SYSTEM" xlink:href="00000012.txt"/>
      </METS:file>
      <METS:file SIZE="1070" ID="TXT00000013" MIMETYPE="text/plain" CREATED="2017-10-24T12:59:02Z" CHECKSUM="9711f2dfe4cb844fb411f2354afb818b" SEQ="00000013" CHECKSUMTYPE="MD5">
        <METS:FLocat LOCTYPE="OTHER" OTHERLOCTYPE="SYSTEM" xlink:href="00000013.txt"/>
      </METS:file>
      <METS:file SIZE="298" ID="TXT00000014" MIMETYPE="text/plain" CREATED="2017-10-24T12:59:02Z" CHECKSUM="69d62c9346a7683ab3b9d025d22797bf" SEQ="00000014" CHECKSUMTYPE="MD5">
        <METS:FLocat LOCTYPE="OTHER" OTHERLOCTYPE="SYSTEM" xlink:href="00000014.txt"/>
      </METS:file>
      <METS:file SIZE="561" ID="TXT00000015" MIMETYPE="text/plain" CREATED="2017-10-24T12:59:02Z" CHECKSUM="1dc7a0501106999e8273811916d4b97c" SEQ="00000015" CHECKSUMTYPE="MD5">
        <METS:FLocat LOCTYPE="OTHER" OTHERLOCTYPE="SYSTEM" xlink:href="00000015.txt"/>
      </METS:file>
      <METS:file SIZE="252" ID="TXT00000016" MIMETYPE="text/plain" CREATED="2017-10-24T12:59:02Z" CHECKSUM="9dd3dfc1f31f6de71160bfba50f04ac9" SEQ="00000016" CHECKSUMTYPE="MD5">
        <METS:FLocat LOCTYPE="OTHER" OTHERLOCTYPE="SYSTEM" xlink:href="00000016.txt"/>
      </METS:file>
      <METS:file SIZE="1700" ID="TXT00000017" MIMETYPE="text/plain" CREATED="2017-10-24T12:59:02Z" CHECKSUM="988d5fe8284026e5e95195d204f75062" SEQ="00000017" CHECKSUMTYPE="MD5">
        <METS:FLocat LOCTYPE="OTHER" OTHERLOCTYPE="SYSTEM" xlink:href="00000017.txt"/>
      </METS:file>
      <METS:file SIZE="159" ID="TXT00000018" MIMETYPE="text/plain" CREATED="2017-10-24T12:59:02Z" CHECKSUM="4f7cb2719aed412350930d36749c930d" SEQ="00000018" CHECKSUMTYPE="MD5">
        <METS:FLocat LOCTYPE="OTHER" OTHERLOCTYPE="SYSTEM" xlink:href="00000018.txt"/>
      </METS:file>
      <METS:file SIZE="454" ID="TXT00000019" MIMETYPE="text/plain" CREATED="2017-10-24T12:59:02Z" CHECKSUM="7c373661a4cadf46884dc0fb388e4a0c" SEQ="00000019" CHECKSUMTYPE="MD5">
        <METS:FLocat LOCTYPE="OTHER" OTHERLOCTYPE="SYSTEM" xlink:href="00000019.txt"/>
      </METS:file>
      <METS:file SIZE="115" ID="TXT00000020" MIMETYPE="text/plain" CREATED="2017-10-24T12:59:02Z" CHECKSUM="1249728f50ac914121482ac5f99c5667" SEQ="00000020" CHECKSUMTYPE="MD5">
        <METS:FLocat LOCTYPE="OTHER" OTHERLOCTYPE="SYSTEM" xlink:href="00000020.txt"/>
      </METS:file>
      <METS:file SIZE="1465" ID="TXT00000021" MIMETYPE="text/plain" CREATED="2017-10-24T12:59:02Z" CHECKSUM="d647b6bd01a3ba1a0f0d7af4d7bae463" SEQ="00000021" CHECKSUMTYPE="MD5">
        <METS:FLocat LOCTYPE="OTHER" OTHERLOCTYPE="SYSTEM" xlink:href="00000021.txt"/>
      </METS:file>
      <METS:file SIZE="222" ID="TXT00000022" MIMETYPE="text/plain" CREATED="2017-10-24T12:59:02Z" CHECKSUM="965a29dd2d5edcca26c6f351d8ecd0cd" SEQ="00000022" CHECKSUMTYPE="MD5">
        <METS:FLocat LOCTYPE="OTHER" OTHERLOCTYPE="SYSTEM" xlink:href="00000022.txt"/>
      </METS:file>
      <METS:file SIZE="1513" ID="TXT00000023" MIMETYPE="text/plain" CREATED="2017-10-24T12:59:02Z" CHECKSUM="0b5488340a0a4f7af1e35e99cde7bb9e" SEQ="00000023" CHECKSUMTYPE="MD5">
        <METS:FLocat LOCTYPE="OTHER" OTHERLOCTYPE="SYSTEM" xlink:href="00000023.txt"/>
      </METS:file>
      <METS:file SIZE="213" ID="TXT00000024" MIMETYPE="text/plain" CREATED="2017-10-24T12:59:02Z" CHECKSUM="7096bb3e03026f80a7d8bf89e9e6a202" SEQ="00000024" CHECKSUMTYPE="MD5">
        <METS:FLocat LOCTYPE="OTHER" OTHERLOCTYPE="SYSTEM" xlink:href="00000024.txt"/>
      </METS:file>
      <METS:file SIZE="0" ID="TXT00000025" MIMETYPE="text/plain" CREATED="2017-10-24T12:59:02Z" CHECKSUM="d41d8cd98f00b204e9800998ecf8427e" SEQ="00000025" CHECKSUMTYPE="MD5">
        <METS:FLocat LOCTYPE="OTHER" OTHERLOCTYPE="SYSTEM" xlink:href="00000025.txt"/>
      </METS:file>
      <METS:file SIZE="0" ID="TXT00000026" MIMETYPE="text/plain" CREATED="2017-10-24T12:59:02Z" CHECKSUM="d41d8cd98f00b204e9800998ecf8427e" SEQ="00000026" CHECKSUMTYPE="MD5">
        <METS:FLocat LOCTYPE="OTHER" OTHERLOCTYPE="SYSTEM" xlink:href="00000026.txt"/>
      </METS:file>
    </METS:fileGrp>
    <METS:fileGrp ID="FG2" USE="image">
      <METS:file SIZE="356047" ID="IMG00000001" MIMETYPE="image/jp2" CREATED="2017-10-24T12:58:59Z" CHECKSUM="6bcbed9f5c168777a2e5100b513dd375" SEQ="00000001" CHECKSUMTYPE="MD5">
        <METS:FLocat LOCTYPE="OTHER" OTHERLOCTYPE="SYSTEM" xlink:href="00000001.jp2"/>
      </METS:file>
      <METS:file SIZE="4538" ID="IMG00000002" MIMETYPE="image/jp2" CREATED="2017-10-24T12:59:00Z" CHECKSUM="8c724ce9b7a8b65db2710d5c3f5bb901" SEQ="00000002" CHECKSUMTYPE="MD5">
        <METS:FLocat LOCTYPE="OTHER" OTHERLOCTYPE="SYSTEM" xlink:href="00000002.jp2"/>
      </METS:file>
      <METS:file SIZE="199950" ID="IMG00000003" MIMETYPE="image/jp2" CREATED="2017-10-24T12:59:00Z" CHECKSUM="56740e33a60e88db5cadb55b1273ef94" SEQ="00000003" CHECKSUMTYPE="MD5">
        <METS:FLocat LOCTYPE="OTHER" OTHERLOCTYPE="SYSTEM" xlink:href="00000003.jp2"/>
      </METS:file>
      <METS:file SIZE="384026" ID="IMG00000004" MIMETYPE="image/jp2" CREATED="2017-10-24T12:59:00Z" CHECKSUM="8952a1d4dc6f865b617a42bd11294715" SEQ="00000004" CHECKSUMTYPE="MD5">
        <METS:FLocat LOCTYPE="OTHER" OTHERLOCTYPE="SYSTEM" xlink:href="00000004.jp2"/>
      </METS:file>
      <METS:file SIZE="391186" ID="IMG00000005" MIMETYPE="image/jp2" CREATED="2017-10-24T12:59:00Z" CHECKSUM="1bde83b0a9a6955d74bc60539c31396b" SEQ="00000005" CHECKSUMTYPE="MD5">
        <METS:FLocat LOCTYPE="OTHER" OTHERLOCTYPE="SYSTEM" xlink:href="00000005.jp2"/>
      </METS:file>
      <METS:file SIZE="434563" ID="IMG00000006" MIMETYPE="image/jp2" CREATED="2017-10-24T12:59:00Z" CHECKSUM="e1eafedf72f390492fee975aa93544d7" SEQ="00000006" CHECKSUMTYPE="MD5">
        <METS:FLocat LOCTYPE="OTHER" OTHERLOCTYPE="SYSTEM" xlink:href="00000006.jp2"/>
      </METS:file>
      <METS:file SIZE="216288" ID="IMG00000007" MIMETYPE="image/jp2" CREATED="2017-10-24T12:59:00Z" CHECKSUM="77e8c69757a764d0f7b69348acfffaf2" SEQ="00000007" CHECKSUMTYPE="MD5">
        <METS:FLocat LOCTYPE="OTHER" OTHERLOCTYPE="SYSTEM" xlink:href="00000007.jp2"/>
      </METS:file>
      <METS:file SIZE="281329" ID="IMG00000008" MIMETYPE="image/jp2" CREATED="2017-10-24T12:59:00Z" CHECKSUM="c49e20d7eeff6870fabed12c9f7da575" SEQ="00000008" CHECKSUMTYPE="MD5">
        <METS:FLocat LOCTYPE="OTHER" OTHERLOCTYPE="SYSTEM" xlink:href="00000008.jp2"/>
      </METS:file>
      <METS:file SIZE="229920" ID="IMG00000009" MIMETYPE="image/jp2" CREATED="2017-10-24T12:59:00Z" CHECKSUM="837535aba54bb826b7aa29725453c6c6" SEQ="00000009" CHECKSUMTYPE="MD5">
        <METS:FLocat LOCTYPE="OTHER" OTHERLOCTYPE="SYSTEM" xlink:href="00000009.jp2"/>
      </METS:file>
      <METS:file SIZE="117985" ID="IMG00000010" MIMETYPE="image/jp2" CREATED="2017-10-24T12:59:00Z" CHECKSUM="f88cda07b535ff543e929d34603406be" SEQ="00000010" CHECKSUMTYPE="MD5">
        <METS:FLocat LOCTYPE="OTHER" OTHERLOCTYPE="SYSTEM" xlink:href="00000010.jp2"/>
      </METS:file>
      <METS:file SIZE="171271" ID="IMG00000011" MIMETYPE="image/jp2" CREATED="2017-10-24T12:59:00Z" CHECKSUM="fd02cc2862c66157cf838c68ae146a9f" SEQ="00000011" CHECKSUMTYPE="MD5">
        <METS:FLocat LOCTYPE="OTHER" OTHERLOCTYPE="SYSTEM" xlink:href="00000011.jp2"/>
      </METS:file>
      <METS:file SIZE="173464" ID="IMG00000012" MIMETYPE="image/jp2" CREATED="2017-10-24T12:59:01Z" CHECKSUM="1b84b575eec887af86cd25d7a861a68e" SEQ="00000012" CHECKSUMTYPE="MD5">
        <METS:FLocat LOCTYPE="OTHER" OTHERLOCTYPE="SYSTEM" xlink:href="00000012.jp2"/>
      </METS:file>
      <METS:file SIZE="299606" ID="IMG00000013" MIMETYPE="image/jp2" CREATED="2017-10-24T12:59:01Z" CHECKSUM="ea71b862793ddcacde0cc156129c0402" SEQ="00000013" CHECKSUMTYPE="MD5">
        <METS:FLocat LOCTYPE="OTHER" OTHERLOCTYPE="SYSTEM" xlink:href="00000013.jp2"/>
      </METS:file>
      <METS:file SIZE="308482" ID="IMG00000014" MIMETYPE="image/jp2" CREATED="2017-10-24T12:59:01Z" CHECKSUM="130867e4ff080307c599455780a3c455" SEQ="00000014" CHECKSUMTYPE="MD5">
        <METS:FLocat LOCTYPE="OTHER" OTHERLOCTYPE="SYSTEM" xlink:href="00000014.jp2"/>
      </METS:file>
      <METS:file SIZE="157182" ID="IMG00000015" MIMETYPE="image/jp2" CREATED="2017-10-24T12:59:01Z" CHECKSUM="c0274d0b79663fa16662b96e99af459a" SEQ="00000015" CHECKSUMTYPE="MD5">
        <METS:FLocat LOCTYPE="OTHER" OTHERLOCTYPE="SYSTEM" xlink:href="00000015.jp2"/>
      </METS:file>
      <METS:file SIZE="148310" ID="IMG00000016" MIMETYPE="image/jp2" CREATED="2017-10-24T12:59:01Z" CHECKSUM="7b9909521a7e97e48ad815088757cb9c" SEQ="00000016" CHECKSUMTYPE="MD5">
        <METS:FLocat LOCTYPE="OTHER" OTHERLOCTYPE="SYSTEM" xlink:href="00000016.jp2"/>
      </METS:file>
      <METS:file SIZE="468544" ID="IMG00000017" MIMETYPE="image/jp2" CREATED="2017-10-24T12:59:01Z" CHECKSUM="a45e90a4c3bce77b0ce5d1623e22d409" SEQ="00000017" CHECKSUMTYPE="MD5">
        <METS:FLocat LOCTYPE="OTHER" OTHERLOCTYPE="SYSTEM" xlink:href="00000017.jp2"/>
      </METS:file>
      <METS:file SIZE="146262" ID="IMG00000018" MIMETYPE="image/jp2" CREATED="2017-10-24T12:59:01Z" CHECKSUM="dd39ae16cd5de0bb0b4be635fe7206cc" SEQ="00000018" CHECKSUMTYPE="MD5">
        <METS:FLocat LOCTYPE="OTHER" OTHERLOCTYPE="SYSTEM" xlink:href="00000018.jp2"/>
      </METS:file>
      <METS:file SIZE="125171" ID="IMG00000019" MIMETYPE="image/jp2" CREATED="2017-10-24T12:59:01Z" CHECKSUM="af734e7422b5ff2ff43d06e29e21dfe3" SEQ="00000019" CHECKSUMTYPE="MD5">
        <METS:FLocat LOCTYPE="OTHER" OTHERLOCTYPE="SYSTEM" xlink:href="00000019.jp2"/>
      </METS:file>
      <METS:file SIZE="190481" ID="IMG00000020" MIMETYPE="image/jp2" CREATED="2017-10-24T12:59:01Z" CHECKSUM="e3ed2cf75066ea7bd13fc1be3b68e438" SEQ="00000020" CHECKSUMTYPE="MD5">
        <METS:FLocat LOCTYPE="OTHER" OTHERLOCTYPE="SYSTEM" xlink:href="00000020.jp2"/>
      </METS:file>
      <METS:file SIZE="374538" ID="IMG00000021" MIMETYPE="image/jp2" CREATED="2017-10-24T12:59:01Z" CHECKSUM="2b395312a07eee1d1613d9394a4eb4b9" SEQ="00000021" CHECKSUMTYPE="MD5">
        <METS:FLocat LOCTYPE="OTHER" OTHERLOCTYPE="SYSTEM" xlink:href="00000021.jp2"/>
      </METS:file>
      <METS:file SIZE="193471" ID="IMG00000022" MIMETYPE="image/jp2" CREATED="2017-10-24T12:59:02Z" CHECKSUM="4d6fc4acc31fc5a83f2ac1f52fc5a812" SEQ="00000022" CHECKSUMTYPE="MD5">
        <METS:FLocat LOCTYPE="OTHER" OTHERLOCTYPE="SYSTEM" xlink:href="00000022.jp2"/>
      </METS:file>
      <METS:file SIZE="394838" ID="IMG00000023" MIMETYPE="image/jp2" CREATED="2017-10-24T12:59:02Z" CHECKSUM="a74fc2d1dedf36c3f832672ed397ea9d" SEQ="00000023" CHECKSUMTYPE="MD5">
        <METS:FLocat LOCTYPE="OTHER" OTHERLOCTYPE="SYSTEM" xlink:href="00000023.jp2"/>
      </METS:file>
      <METS:file SIZE="282357" ID="IMG00000024" MIMETYPE="image/jp2" CREATED="2017-10-24T12:59:02Z" CHECKSUM="45f03f614496f0ac203be1d2142cb511" SEQ="00000024" CHECKSUMTYPE="MD5">
        <METS:FLocat LOCTYPE="OTHER" OTHERLOCTYPE="SYSTEM" xlink:href="00000024.jp2"/>
      </METS:file>
      <METS:file SIZE="4538" ID="IMG00000025" MIMETYPE="image/jp2" CREATED="2017-10-24T12:59:02Z" CHECKSUM="f6c6664263cbe2065ca25ee0a2e61baa" SEQ="00000025" CHECKSUMTYPE="MD5">
        <METS:FLocat LOCTYPE="OTHER" OTHERLOCTYPE="SYSTEM" xlink:href="00000025.jp2"/>
      </METS:file>
      <METS:file SIZE="167529" ID="IMG00000026" MIMETYPE="image/jp2" CREATED="2017-10-24T12:59:02Z" CHECKSUM="b20e5d53886a741db2af99933c8af890" SEQ="00000026" CHECKSUMTYPE="MD5">
        <METS:FLocat LOCTYPE="OTHER" OTHERLOCTYPE="SYSTEM" xlink:href="00000026.jp2"/>
      </METS:file>
    </METS:fileGrp>
  </METS:fileSec>
  <METS:structMap ID="SM1" TYPE="physical">
    <METS:div TYPE="volume">
      <METS:div ORDER="1" LABEL="FRONT_COVER" TYPE="page">
        <METS:fptr FILEID="TXT00000001"/>
        <METS:fptr FILEID="IMG00000001"/>
      </METS:div>
      <METS:div ORDER="2" TYPE="page">
        <METS:fptr FILEID="TXT00000002"/>
        <METS:fptr FILEID="IMG00000002"/>
      </METS:div>
      <METS:div ORDER="3" LABEL="TABLE_OF_CONTENTS" TYPE="page">
        <METS:fptr FILEID="TXT00000003"/>
        <METS:fptr FILEID="IMG00000003"/>
      </METS:div>
      <METS:div ORDER="4" LABEL="FIRST_CONTENT_CHAPTER_START" TYPE="page">
        <METS:fptr FILEID="TXT00000004"/>
        <METS:fptr FILEID="IMG00000004"/>
      </METS:div>
      <METS:div ORDER="5" TYPE="page">
        <METS:fptr FILEID="TXT00000005"/>
        <METS:fptr FILEID="IMG00000005"/>
      </METS:div>
      <METS:div ORDER="6" TYPE="page">
        <METS:fptr FILEID="TXT00000006"/>
        <METS:fptr FILEID="IMG00000006"/>
      </METS:div>
      <METS:div ORDER="7" TYPE="page">
        <METS:fptr FILEID="TXT00000007"/>
        <METS:fptr FILEID="IMG00000007"/>
      </METS:div>
      <METS:div ORDER="8" LABEL="CHAPTER_START" TYPE="page">
        <METS:fptr FILEID="TXT00000008"/>
        <METS:fptr FILEID="IMG00000008"/>
      </METS:div>
      <METS:div ORDER="9" TYPE="page">
        <METS:fptr FILEID="TXT00000009"/>
        <METS:fptr FILEID="IMG00000009"/>
      </METS:div>
      <METS:div ORDER="10" TYPE="page">
        <METS:fptr FILEID="TXT00000010"/>
        <METS:fptr FILEID="IMG00000010"/>
      </METS:div>
      <METS:div ORDER="11" TYPE="page">
        <METS:fptr FILEID="TXT00000011"/>
        <METS:fptr FILEID="IMG00000011"/>
      </METS:div>
      <METS:div ORDER="12" TYPE="page">
        <METS:fptr FILEID="TXT00000012"/>
        <METS:fptr FILEID="IMG00000012"/>
      </METS:div>
      <METS:div ORDER="13" TYPE="page">
        <METS:fptr FILEID="TXT00000013"/>
        <METS:fptr FILEID="IMG00000013"/>
      </METS:div>
      <METS:div ORDER="14" TYPE="page">
        <METS:fptr FILEID="TXT00000014"/>
        <METS:fptr FILEID="IMG00000014"/>
      </METS:div>
      <METS:div ORDER="15" TYPE="page">
        <METS:fptr FILEID="TXT00000015"/>
        <METS:fptr FILEID="IMG00000015"/>
      </METS:div>
      <METS:div ORDER="16" TYPE="page">
        <METS:fptr FILEID="TXT00000016"/>
        <METS:fptr FILEID="IMG00000016"/>
      </METS:div>
      <METS:div ORDER="17" TYPE="page">
        <METS:fptr FILEID="TXT00000017"/>
        <METS:fptr FILEID="IMG00000017"/>
      </METS:div>
      <METS:div ORDER="18" TYPE="page">
        <METS:fptr FILEID="TXT00000018"/>
        <METS:fptr FILEID="IMG00000018"/>
      </METS:div>
      <METS:div ORDER="19" TYPE="page">
        <METS:fptr FILEID="TXT00000019"/>
        <METS:fptr FILEID="IMG00000019"/>
      </METS:div>
      <METS:div ORDER="20" TYPE="page">
        <METS:fptr FILEID="TXT00000020"/>
        <METS:fptr FILEID="IMG00000020"/>
      </METS:div>
      <METS:div ORDER="21" TYPE="page">
        <METS:fptr FILEID="TXT00000021"/>
        <METS:fptr FILEID="IMG00000021"/>
      </METS:div>
      <METS:div ORDER="22" TYPE="page">
        <METS:fptr FILEID="TXT00000022"/>
        <METS:fptr FILEID="IMG00000022"/>
      </METS:div>
      <METS:div ORDER="23" TYPE="page">
        <METS:fptr FILEID="TXT00000023"/>
        <METS:fptr FILEID="IMG00000023"/>
      </METS:div>
      <METS:div ORDER="24" TYPE="page">
        <METS:fptr FILEID="TXT00000024"/>
        <METS:fptr FILEID="IMG00000024"/>
      </METS:div>
      <METS:div ORDER="25" TYPE="page">
        <METS:fptr FILEID="TXT00000025"/>
        <METS:fptr FILEID="IMG00000025"/>
      </METS:div>
      <METS:div ORDER="26" LABEL="BACK_COVER" TYPE="page">
        <METS:fptr FILEID="TXT00000026"/>
        <METS:fptr FILEID="IMG00000026"/>
      </METS:div>
    </METS:div>
  </METS:structMap>
</METS:mets>
